2026/08/25 04:35:27.308, 0 %, 0 %, 0 MiB
2026/08/25 04:35:28.314, 0 %, 0 %, 0 MiB
2026/08/25 04:35:29.318, 0 %, 0 %, 0 MiB
2026/08/25 04:35:30.322, 0 %, 0 %, 0 MiB
2026/08/25 04:35:31.326, 0 %, 0 %, 0 MiB
2026/08/25 04:35:32.332, 0 %, 0 %, 0 MiB
2026/08/25 04:35:33.335, 0 %, 0 %, 0 MiB
2026/08/25 04:35:34.339, 0 %, 0 %, 0 MiB
2026/08/25 04:35:35.343, 0 %, 0 %, 3 MiB
2026/08/25 04:35:36.348, 0 %, 0 %, 107 MiB
2026/08/25 04:35:37.353, 0 %, 0 %, 107 MiB
2026/08/25 04:35:38.358, 0 %, 0 %, 107 MiB
2026/08/25 04:35:39.362, 0 %, 0 %, 107 MiB
2026/08/25 04:35:40.365, 0 %, 0 %, 107 MiB
2026/08/25 04:35:41.371, 0 %, 0 %, 107 MiB
2026/08/25 04:35:42.380, 0 %, 0 %, 109 MiB
2026/08/25 04:35:43.384, 0 %, 0 %, 109 MiB
2026/08/25 04:35:44.387, 0 %, 0 %, 123 MiB
2026/08/25 04:35:45.390, 0 %, 0 %, 123 MiB
2026/08/25 04:35:46.394, 0 %, 0 %, 123 MiB
2026/08/25 04:35:47.397, 0 %, 0 %, 123 MiB
2026/08/25 04:35:48.401, 0 %, 0 %, 123 MiB
2026/08/25 04:35:49.405, 0 %, 0 %, 123 MiB
2026/08/25 04:35:50.407, 0 %, 0 %, 123 MiB
2026/08/25 04:35:51.410, 0 %, 0 %, 123 MiB
2026/08/25 04:35:52.413, 0 %, 0 %, 123 MiB
2026/08/25 04:35:53.420, 0 %, 0 %, 123 MiB
2026/08/25 04:35:54.424, 0 %, 0 %, 123 MiB
2026/08/25 04:35:55.429, 1 %, 0 %, 123 MiB
2026/08/25 04:35:56.432, 0 %, 0 %, 123 MiB
2026/08/25 04:35:57.434, 0 %, 0 %, 123 MiB
2026/08/25 04:35:58.437, 0 %, 0 %, 123 MiB
2026/08/25 04:35:59.439, 0 %, 0 %, 123 MiB
2026/08/25 04:36:00.443, 1 %, 0 %, 123 MiB
2026/08/25 04:36:01.446, 0 %, 0 %, 123 MiB
2026/08/25 04:36:02.448, 1 %, 0 %, 125 MiB
2026/08/25 04:36:03.451, 1 %, 0 %, 125 MiB
2026/08/25 04:36:04.454, 0 %, 0 %, 125 MiB
2026/08/25 04:36:05.457, 0 %, 0 %, 125 MiB
2026/08/25 04:36:06.466, 0 %, 0 %, 125 MiB
2026/08/25 04:36:07.473, 0 %, 0 %, 125 MiB
2026/08/25 04:36:08.476, 0 %, 0 %, 125 MiB
2026/08/25 04:36:09.478, 1 %, 0 %, 125 MiB
2026/08/25 04:36:10.481, 0 %, 0 %, 125 MiB
2026/08/25 04:36:11.483, 0 %, 0 %, 125 MiB
2026/08/25 04:36:12.487, 2 %, 0 %, 125 MiB
2026/08/25 04:36:13.489, 1 %, 0 %, 125 MiB
2026/08/25 04:36:14.491, 9 %, 0 %, 125 MiB
2026/08/25 04:36:15.494, 0 %, 0 %, 125 MiB
2026/08/25 04:36:16.496, 0 %, 0 %, 125 MiB
2026/08/25 04:36:17.500, 0 %, 0 %, 125 MiB
2026/08/25 04:36:18.505, 0 %, 0 %, 127 MiB
2026/08/25 04:36:19.512, 0 %, 0 %, 127 MiB
2026/08/25 04:36:20.516, 0 %, 0 %, 127 MiB
2026/08/25 04:36:21.519, 0 %, 0 %, 127 MiB
2026/08/25 04:36:22.521, 0 %, 0 %, 127 MiB
2026/08/25 04:36:23.524, 0 %, 0 %, 127 MiB
2026/08/25 04:36:24.526, 0 %, 0 %, 127 MiB
2026/08/25 04:36:25.530, 0 %, 0 %, 127 MiB
2026/08/25 04:36:26.532, 0 %, 0 %, 127 MiB
2026/08/25 04:36:27.535, 0 %, 0 %, 127 MiB
2026/08/25 04:36:28.537, 0 %, 0 %, 127 MiB
2026/08/25 04:36:29.540, 0 %, 0 %, 127 MiB
2026/08/25 04:36:30.543, 0 %, 0 %, 127 MiB
2026/08/25 04:36:31.552, 0 %, 0 %, 127 MiB
2026/08/25 04:36:32.558, 0 %, 0 %, 127 MiB
2026/08/25 04:36:33.561, 10 %, 0 %, 127 MiB
2026/08/25 04:36:34.564, 0 %, 0 %, 127 MiB
2026/08/25 04:36:35.572, 0 %, 0 %, 127 MiB
2026/08/25 04:36:36.577, 0 %, 0 %, 127 MiB
2026/08/25 04:36:37.581, 0 %, 0 %, 127 MiB
2026/08/25 04:36:38.585, 0 %, 0 %, 127 MiB
2026/08/25 04:36:39.588, 0 %, 0 %, 127 MiB
2026/08/25 04:36:40.592, 0 %, 0 %, 127 MiB
2026/08/25 04:36:41.595, 0 %, 0 %, 127 MiB
2026/08/25 04:36:42.598, 0 %, 0 %, 127 MiB
2026/08/25 04:36:43.606, 0 %, 0 %, 127 MiB
2026/08/25 04:36:44.615, 0 %, 0 %, 127 MiB
2026/08/25 04:36:45.623, 0 %, 0 %, 127 MiB
2026/08/25 04:36:46.626, 11 %, 0 %, 127 MiB
2026/08/25 04:36:47.628, 0 %, 0 %, 127 MiB
2026/08/25 04:36:48.631, 0 %, 0 %, 127 MiB
2026/08/25 04:36:49.634, 1 %, 0 %, 129 MiB
2026/08/25 04:36:50.636, 1 %, 0 %, 129 MiB
2026/08/25 04:36:51.639, 0 %, 0 %, 129 MiB
2026/08/25 04:36:52.641, 0 %, 0 %, 129 MiB
2026/08/25 04:36:53.644, 0 %, 0 %, 129 MiB
2026/08/25 04:36:54.646, 0 %, 0 %, 129 MiB
2026/08/25 04:36:55.650, 0 %, 0 %, 129 MiB
2026/08/25 04:36:56.656, 0 %, 0 %, 129 MiB
2026/08/25 04:36:57.662, 0 %, 0 %, 129 MiB
2026/08/25 04:36:58.665, 0 %, 0 %, 129 MiB
2026/08/25 04:36:59.667, 1 %, 0 %, 129 MiB
2026/08/25 04:37:00.669, 1 %, 0 %, 129 MiB
2026/08/25 04:37:01.672, 0 %, 0 %, 129 MiB
2026/08/25 04:37:02.674, 0 %, 0 %, 129 MiB
2026/08/25 04:37:03.677, 1 %, 0 %, 129 MiB
2026/08/25 04:37:04.679, 1 %, 0 %, 129 MiB
2026/08/25 04:37:05.682, 1 %, 0 %, 129 MiB
2026/08/25 04:37:06.685, 1 %, 0 %, 129 MiB
2026/08/25 04:37:07.690, 6 %, 0 %, 129 MiB
2026/08/25 04:37:08.696, 1 %, 0 %, 129 MiB
2026/08/25 04:37:09.704, 0 %, 0 %, 129 MiB
2026/08/25 04:37:10.708, 0 %, 0 %, 129 MiB
2026/08/25 04:37:11.711, 0 %, 0 %, 129 MiB
2026/08/25 04:37:12.715, 0 %, 0 %, 129 MiB
2026/08/25 04:37:13.717, 0 %, 0 %, 129 MiB
2026/08/25 04:37:14.720, 0 %, 0 %, 129 MiB
2026/08/25 04:37:15.723, 0 %, 0 %, 129 MiB
2026/08/25 04:37:16.725, 0 %, 0 %, 129 MiB
2026/08/25 04:37:17.728, 0 %, 0 %, 129 MiB
2026/08/25 04:37:18.731, 0 %, 0 %, 129 MiB
2026/08/25 04:37:19.735, 0 %, 0 %, 129 MiB
2026/08/25 04:37:20.740, 0 %, 0 %, 129 MiB
2026/08/25 04:37:21.748, 0 %, 0 %, 129 MiB
2026/08/25 04:37:22.752, 0 %, 0 %, 129 MiB
2026/08/25 04:37:23.755, 1 %, 0 %, 129 MiB
2026/08/25 04:37:24.757, 0 %, 0 %, 129 MiB
2026/08/25 04:37:25.760, 0 %, 0 %, 129 MiB
2026/08/25 04:37:26.762, 0 %, 0 %, 129 MiB
2026/08/25 04:37:27.765, 0 %, 0 %, 129 MiB
2026/08/25 04:37:28.768, 0 %, 0 %, 129 MiB
2026/08/25 04:37:29.771, 0 %, 0 %, 129 MiB
2026/08/25 04:37:30.774, 0 %, 0 %, 129 MiB
2026/08/25 04:37:31.776, 0 %, 0 %, 129 MiB
2026/08/25 04:37:32.780, 0 %, 0 %, 129 MiB
2026/08/25 04:37:33.786, 0 %, 0 %, 129 MiB
2026/08/25 04:37:34.793, 0 %, 0 %, 129 MiB
2026/08/25 04:37:35.799, 0 %, 0 %, 129 MiB
2026/08/25 04:37:36.801, 0 %, 0 %, 129 MiB
2026/08/25 04:37:37.805, 0 %, 0 %, 129 MiB
2026/08/25 04:37:38.808, 0 %, 0 %, 129 MiB
2026/08/25 04:37:39.810, 0 %, 0 %, 129 MiB
2026/08/25 04:37:40.813, 0 %, 0 %, 129 MiB
2026/08/25 04:37:41.815, 0 %, 0 %, 129 MiB
2026/08/25 04:37:42.818, 0 %, 0 %, 129 MiB
2026/08/25 04:37:43.820, 16 %, 0 %, 131 MiB
2026/08/25 04:37:44.824, 0 %, 0 %, 131 MiB
2026/08/25 04:37:45.832, 0 %, 0 %, 131 MiB
2026/08/25 04:37:46.839, 0 %, 0 %, 131 MiB
2026/08/25 04:37:47.841, 0 %, 0 %, 131 MiB
2026/08/25 04:37:48.844, 0 %, 0 %, 131 MiB
2026/08/25 04:37:49.846, 0 %, 0 %, 131 MiB
2026/08/25 04:37:50.849, 0 %, 0 %, 131 MiB
2026/08/25 04:37:51.852, 0 %, 0 %, 131 MiB
2026/08/25 04:37:52.854, 14 %, 0 %, 131 MiB
2026/08/25 04:37:53.856, 0 %, 0 %, 131 MiB
2026/08/25 04:37:54.859, 0 %, 0 %, 131 MiB
2026/08/25 04:37:55.861, 1 %, 0 %, 131 MiB
2026/08/25 04:37:56.865, 0 %, 0 %, 131 MiB
2026/08/25 04:37:57.870, 0 %, 0 %, 131 MiB
2026/08/25 04:37:58.880, 6 %, 0 %, 131 MiB
2026/08/25 04:37:59.885, 0 %, 0 %, 131 MiB
2026/08/25 04:38:00.888, 0 %, 0 %, 131 MiB
2026/08/25 04:38:01.890, 8 %, 0 %, 131 MiB
2026/08/25 04:38:02.893, 0 %, 0 %, 131 MiB
2026/08/25 04:38:03.895, 0 %, 0 %, 131 MiB
2026/08/25 04:38:04.899, 1 %, 0 %, 131 MiB
2026/08/25 04:38:05.906, 1 %, 0 %, 131 MiB
2026/08/25 04:38:06.909, 0 %, 0 %, 131 MiB
2026/08/25 04:38:07.911, 0 %, 0 %, 131 MiB
2026/08/25 04:38:08.914, 9 %, 0 %, 131 MiB
2026/08/25 04:38:09.918, 0 %, 0 %, 131 MiB
2026/08/25 04:38:10.923, 26 %, 0 %, 131 MiB
2026/08/25 04:38:11.927, 1 %, 0 %, 131 MiB
2026/08/25 04:38:12.930, 0 %, 0 %, 131 MiB
2026/08/25 04:38:13.932, 1 %, 0 %, 131 MiB
2026/08/25 04:38:14.935, 1 %, 0 %, 131 MiB
2026/08/25 04:38:15.937, 0 %, 0 %, 131 MiB
2026/08/25 04:38:16.940, 1 %, 0 %, 131 MiB
2026/08/25 04:38:17.942, 1 %, 0 %, 131 MiB
2026/08/25 04:38:18.944, 1 %, 0 %, 131 MiB
2026/08/25 04:38:19.947, 1 %, 0 %, 131 MiB
2026/08/25 04:38:20.949, 0 %, 0 %, 131 MiB
2026/08/25 04:38:21.954, 0 %, 0 %, 131 MiB
2026/08/25 04:38:22.959, 5 %, 0 %, 131 MiB
2026/08/25 04:38:23.964, 19 %, 0 %, 131 MiB
2026/08/25 04:38:24.967, 36 %, 0 %, 131 MiB
2026/08/25 04:38:25.969, 1 %, 0 %, 131 MiB
2026/08/25 04:38:26.972, 1 %, 0 %, 131 MiB
2026/08/25 04:38:27.974, 10 %, 0 %, 131 MiB
2026/08/25 04:38:28.977, 10 %, 1 %, 131 MiB
2026/08/25 04:38:29.980, 0 %, 0 %, 129 MiB
2026/08/25 04:38:30.982, 0 %, 0 %, 129 MiB
2026/08/25 04:38:31.985, 0 %, 0 %, 129 MiB
2026/08/25 04:38:32.988, 0 %, 0 %, 129 MiB
2026/08/25 04:38:33.991, 0 %, 0 %, 129 MiB
2026/08/25 04:38:35.000, 0 %, 0 %, 129 MiB
2026/08/25 04:38:36.008, 0 %, 0 %, 129 MiB
2026/08/25 04:38:37.011, 0 %, 0 %, 129 MiB
2026/08/25 04:38:38.014, 0 %, 0 %, 131 MiB
2026/08/25 04:38:39.016, 0 %, 0 %, 131 MiB
2026/08/25 04:38:40.019, 0 %, 0 %, 131 MiB
2026/08/25 04:38:41.022, 1 %, 0 %, 161 MiB
2026/08/25 04:38:42.024, 0 %, 0 %, 161 MiB
2026/08/25 04:38:43.028, 2 %, 0 %, 161 MiB
2026/08/25 04:38:44.030, 0 %, 0 %, 161 MiB
2026/08/25 04:38:45.033, 0 %, 0 %, 161 MiB
2026/08/25 04:38:46.035, 26 %, 0 %, 161 MiB
2026/08/25 04:38:47.039, 1 %, 0 %, 163 MiB
2026/08/25 04:38:48.046, 0 %, 0 %, 161 MiB
2026/08/25 04:38:49.050, 6 %, 0 %, 161 MiB
2026/08/25 04:38:50.053, 12 %, 0 %, 165 MiB
2026/08/25 04:38:51.055, 18 %, 1 %, 171 MiB
2026/08/25 04:38:52.058, 6 %, 0 %, 167 MiB
2026/08/25 04:38:53.060, 0 %, 0 %, 169 MiB
2026/08/25 04:38:54.063, 16 %, 1 %, 173 MiB
2026/08/25 04:38:55.065, 21 %, 1 %, 161 MiB
2026/08/25 04:38:56.068, 9 %, 0 %, 161 MiB
2026/08/25 04:38:57.070, 1 %, 0 %, 161 MiB
2026/08/25 04:38:58.073, 0 %, 0 %, 161 MiB
2026/08/25 04:38:59.076, 9 %, 0 %, 163 MiB
2026/08/25 04:39:00.083, 0 %, 0 %, 171 MiB
2026/08/25 04:39:01.086, 17 %, 1 %, 171 MiB
2026/08/25 04:39:02.089, 0 %, 0 %, 161 MiB
2026/08/25 04:39:03.091, 0 %, 0 %, 167 MiB
2026/08/25 04:39:04.094, 12 %, 0 %, 165 MiB
2026/08/25 04:39:05.096, 0 %, 0 %, 165 MiB
2026/08/25 04:39:06.099, 0 %, 0 %, 167 MiB
2026/08/25 04:39:07.101, 0 %, 0 %, 167 MiB
2026/08/25 04:39:08.104, 24 %, 0 %, 167 MiB
2026/08/25 04:39:09.106, 0 %, 0 %, 167 MiB
2026/08/25 04:39:10.109, 43 %, 0 %, 167 MiB
2026/08/25 04:39:11.112, 0 %, 0 %, 167 MiB
2026/08/25 04:39:12.119, 0 %, 0 %, 167 MiB
2026/08/25 04:39:13.124, 21 %, 0 %, 167 MiB
2026/08/25 04:39:14.130, 9 %, 1 %, 173 MiB
2026/08/25 04:39:15.133, 3 %, 0 %, 173 MiB
2026/08/25 04:39:16.135, 25 %, 2 %, 173 MiB
2026/08/25 04:39:17.138, 0 %, 0 %, 175 MiB
2026/08/25 04:39:18.141, 27 %, 0 %, 175 MiB
2026/08/25 04:39:19.144, 2 %, 0 %, 175 MiB
2026/08/25 04:39:20.148, 26 %, 2 %, 175 MiB
2026/08/25 04:39:21.150, 0 %, 0 %, 175 MiB
2026/08/25 04:39:22.154, 0 %, 0 %, 175 MiB
2026/08/25 04:39:23.156, 0 %, 0 %, 175 MiB
2026/08/25 04:39:24.159, 0 %, 0 %, 175 MiB
2026/08/25 04:39:25.166, 5 %, 0 %, 175 MiB
2026/08/25 04:39:26.170, 21 %, 0 %, 175 MiB
2026/08/25 04:39:27.173, 15 %, 0 %, 175 MiB
2026/08/25 04:39:28.175, 12 %, 0 %, 175 MiB
2026/08/25 04:39:29.179, 0 %, 0 %, 175 MiB
2026/08/25 04:39:30.182, 0 %, 0 %, 175 MiB
2026/08/25 04:39:31.185, 0 %, 0 %, 175 MiB
2026/08/25 04:39:32.188, 4 %, 0 %, 0 MiB
2026/08/25 04:39:33.192, 0 %, 0 %, 0 MiB
2026/08/25 04:39:34.195, 4 %, 0 %, 107 MiB
2026/08/25 04:39:35.197, 0 %, 0 %, 107 MiB
2026/08/25 04:39:36.200, 5 %, 0 %, 123 MiB
2026/08/25 04:39:37.207, 4 %, 0 %, 123 MiB
2026/08/25 04:39:38.214, 6 %, 0 %, 125 MiB
2026/08/25 04:39:39.219, 14 %, 0 %, 127 MiB
2026/08/25 04:39:40.222, 1 %, 0 %, 129 MiB
2026/08/25 04:39:41.226, 1 %, 0 %, 129 MiB
2026/08/25 04:39:42.229, 7 %, 0 %, 129 MiB
2026/08/25 04:39:43.232, 0 %, 0 %, 129 MiB
2026/08/25 04:39:44.235, 0 %, 0 %, 129 MiB
2026/08/25 04:39:45.238, 0 %, 0 %, 129 MiB
2026/08/25 04:39:46.241, 1 %, 0 %, 129 MiB
2026/08/25 04:39:47.244, 1 %, 0 %, 129 MiB
2026/08/25 04:39:48.247, 1 %, 0 %, 129 MiB
2026/08/25 04:39:49.252, 1 %, 0 %, 129 MiB
2026/08/25 04:39:50.256, 1 %, 0 %, 129 MiB
2026/08/25 04:39:51.263, 1 %, 0 %, 129 MiB
2026/08/25 04:39:52.266, 6 %, 0 %, 129 MiB
2026/08/25 04:39:53.268, 29 %, 0 %, 129 MiB
2026/08/25 04:39:54.271, 16 %, 0 %, 131 MiB
2026/08/25 04:39:55.273, 1 %, 0 %, 131 MiB
2026/08/25 04:39:56.276, 0 %, 0 %, 131 MiB
2026/08/25 04:39:57.278, 2 %, 0 %, 131 MiB
2026/08/25 04:39:58.281, 0 %, 0 %, 131 MiB
2026/08/25 04:39:59.283, 1 %, 0 %, 131 MiB
2026/08/25 04:40:00.286, 1 %, 0 %, 131 MiB
2026/08/25 04:40:01.290, 1 %, 0 %, 131 MiB
2026/08/25 04:40:02.295, 0 %, 0 %, 131 MiB
2026/08/25 04:40:03.301, 0 %, 0 %, 131 MiB
2026/08/25 04:40:04.304, 0 %, 0 %, 131 MiB
2026/08/25 04:40:05.306, 1 %, 0 %, 131 MiB
2026/08/25 04:40:06.309, 1 %, 0 %, 131 MiB
2026/08/25 04:40:07.312, 0 %, 0 %, 131 MiB
2026/08/25 04:40:08.315, 1 %, 0 %, 131 MiB
2026/08/25 04:40:09.317, 0 %, 0 %, 131 MiB
2026/08/25 04:40:10.320, 2 %, 0 %, 131 MiB
2026/08/25 04:40:11.323, 36 %, 0 %, 131 MiB
2026/08/25 04:40:12.326, 9 %, 0 %, 131 MiB
2026/08/25 04:40:13.330, 1 %, 0 %, 131 MiB
2026/08/25 04:40:14.338, 1 %, 0 %, 131 MiB
2026/08/25 04:40:15.343, 1 %, 0 %, 131 MiB
2026/08/25 04:40:16.349, 0 %, 0 %, 129 MiB
2026/08/25 04:40:17.351, 14 %, 0 %, 161 MiB
2026/08/25 04:40:18.354, 22 %, 0 %, 161 MiB
2026/08/25 04:40:19.357, 15 %, 0 %, 161 MiB
2026/08/25 04:40:20.359, 29 %, 2 %, 173 MiB
2026/08/25 04:40:21.362, 32 %, 1 %, 173 MiB
2026/08/25 04:40:22.365, 19 %, 1 %, 171 MiB
2026/08/25 04:40:23.368, 22 %, 1 %, 165 MiB
2026/08/25 04:40:24.370, 37 %, 0 %, 167 MiB
2026/08/25 04:40:25.373, 19 %, 0 %, 173 MiB
2026/08/25 04:40:26.375, 22 %, 2 %, 175 MiB
2026/08/25 04:40:27.383, 28 %, 1 %, 175 MiB
2026/08/25 04:40:28.391, 26 %, 0 %, 175 MiB
2026/08/25 04:40:29.394, 31 %, 2 %, 175 MiB
2026/08/25 04:40:30.397, 3 %, 0 %, 175 MiB
2026/08/25 04:40:31.403, 11 %, 0 %, 175 MiB
2026/08/25 04:40:32.406, 0 %, 0 %, 175 MiB
2026/08/25 04:40:33.409, 0 %, 0 %, 0 MiB
2026/08/25 04:40:34.411, 0 %, 0 %, 1 MiB
2026/08/25 04:40:35.417, 0 %, 0 %, 107 MiB
2026/08/25 04:40:36.420, 4 %, 0 %, 123 MiB
2026/08/25 04:40:37.423, 1 %, 0 %, 123 MiB
2026/08/25 04:40:38.427, 6 %, 0 %, 125 MiB
2026/08/25 04:40:39.431, 14 %, 0 %, 125 MiB
2026/08/25 04:40:40.437, 29 %, 0 %, 127 MiB
2026/08/25 04:40:41.442, 1 %, 0 %, 129 MiB
2026/08/25 04:40:42.445, 0 %, 0 %, 129 MiB
2026/08/25 04:40:43.447, 1 %, 0 %, 129 MiB
2026/08/25 04:40:44.450, 1 %, 0 %, 129 MiB
2026/08/25 04:40:45.453, 1 %, 0 %, 129 MiB
2026/08/25 04:40:46.456, 1 %, 0 %, 129 MiB
2026/08/25 04:40:47.459, 1 %, 0 %, 129 MiB
2026/08/25 04:40:48.461, 1 %, 0 %, 129 MiB
2026/08/25 04:40:49.464, 1 %, 0 %, 129 MiB
2026/08/25 04:40:50.467, 0 %, 0 %, 129 MiB
2026/08/25 04:40:51.471, 16 %, 0 %, 129 MiB
2026/08/25 04:40:52.477, 13 %, 0 %, 129 MiB
2026/08/25 04:40:53.480, 35 %, 0 %, 129 MiB
2026/08/25 04:40:54.483, 19 %, 0 %, 131 MiB
2026/08/25 04:40:55.485, 1 %, 0 %, 131 MiB
2026/08/25 04:40:56.490, 1 %, 0 %, 131 MiB
2026/08/25 04:40:57.494, 2 %, 0 %, 131 MiB
2026/08/25 04:40:58.500, 1 %, 0 %, 131 MiB
2026/08/25 04:40:59.504, 1 %, 0 %, 131 MiB
2026/08/25 04:41:00.508, 1 %, 0 %, 131 MiB
2026/08/25 04:41:01.510, 1 %, 0 %, 131 MiB
2026/08/25 04:41:02.513, 1 %, 0 %, 131 MiB
2026/08/25 04:41:03.517, 1 %, 0 %, 131 MiB
2026/08/25 04:41:04.527, 1 %, 0 %, 131 MiB
2026/08/25 04:41:05.533, 0 %, 0 %, 131 MiB
2026/08/25 04:41:06.536, 1 %, 0 %, 131 MiB
2026/08/25 04:41:07.538, 1 %, 0 %, 131 MiB
2026/08/25 04:41:08.541, 1 %, 0 %, 131 MiB
2026/08/25 04:41:09.544, 4 %, 0 %, 131 MiB
2026/08/25 04:41:10.546, 36 %, 1 %, 131 MiB
2026/08/25 04:41:11.549, 35 %, 0 %, 131 MiB
2026/08/25 04:41:12.551, 1 %, 0 %, 131 MiB
2026/08/25 04:41:13.554, 1 %, 0 %, 131 MiB
2026/08/25 04:41:14.557, 2 %, 0 %, 131 MiB
2026/08/25 04:41:15.560, 12 %, 0 %, 129 MiB
2026/08/25 04:41:16.567, 14 %, 0 %, 161 MiB
2026/08/25 04:41:17.575, 21 %, 0 %, 161 MiB
2026/08/25 04:41:18.578, 21 %, 0 %, 163 MiB
2026/08/25 04:41:19.580, 29 %, 2 %, 171 MiB
2026/08/25 04:41:20.583, 35 %, 1 %, 173 MiB
2026/08/25 04:41:21.585, 22 %, 1 %, 161 MiB
2026/08/25 04:41:22.588, 27 %, 3 %, 165 MiB
2026/08/25 04:41:23.591, 41 %, 0 %, 167 MiB
2026/08/25 04:41:24.593, 20 %, 0 %, 173 MiB
2026/08/25 04:41:25.596, 35 %, 2 %, 175 MiB
2026/08/25 04:41:26.598, 26 %, 0 %, 175 MiB
2026/08/25 04:41:27.602, 22 %, 1 %, 175 MiB
2026/08/25 04:41:28.610, 13 %, 0 %, 175 MiB
2026/08/25 04:41:29.618, 2 %, 0 %, 175 MiB
2026/08/25 04:41:30.622, 11 %, 0 %, 175 MiB
2026/08/25 04:41:31.625, 0 %, 0 %, 175 MiB
2026/08/25 04:41:32.628, 0 %, 0 %, 0 MiB
2026/08/25 04:41:33.631, 0 %, 0 %, 0 MiB
2026/08/25 04:41:34.636, 4 %, 0 %, 107 MiB
2026/08/25 04:41:35.640, 0 %, 0 %, 107 MiB
2026/08/25 04:41:36.643, 0 %, 0 %, 107 MiB
2026/08/25 04:41:37.645, 0 %, 0 %, 107 MiB
2026/08/25 04:41:38.648, 0 %, 0 %, 109 MiB
2026/08/25 04:41:39.650, 0 %, 0 %, 109 MiB
2026/08/25 04:41:40.654, 0 %, 0 %, 123 MiB
2026/08/25 04:41:41.662, 0 %, 0 %, 123 MiB
2026/08/25 04:41:42.669, 0 %, 0 %, 123 MiB
2026/08/25 04:41:43.672, 0 %, 0 %, 123 MiB
2026/08/25 04:41:44.676, 0 %, 0 %, 123 MiB
2026/08/25 04:41:45.679, 0 %, 0 %, 123 MiB
2026/08/25 04:41:46.681, 0 %, 0 %, 123 MiB
2026/08/25 04:41:47.684, 0 %, 0 %, 123 MiB
2026/08/25 04:41:48.686, 0 %, 0 %, 123 MiB
2026/08/25 04:41:49.688, 0 %, 0 %, 123 MiB
2026/08/25 04:41:50.691, 0 %, 0 %, 123 MiB
2026/08/25 04:41:51.693, 6 %, 0 %, 123 MiB
2026/08/25 04:41:52.697, 2 %, 0 %, 123 MiB
2026/08/25 04:41:53.703, 1 %, 0 %, 123 MiB
2026/08/25 04:41:54.711, 0 %, 0 %, 123 MiB
2026/08/25 04:41:55.719, 0 %, 0 %, 123 MiB
2026/08/25 04:41:56.722, 0 %, 0 %, 123 MiB
2026/08/25 04:41:57.725, 1 %, 0 %, 123 MiB
2026/08/25 04:41:58.728, 0 %, 0 %, 123 MiB
2026/08/25 04:41:59.731, 1 %, 0 %, 123 MiB
2026/08/25 04:42:00.739, 0 %, 0 %, 125 MiB
2026/08/25 04:42:01.742, 1 %, 0 %, 125 MiB
2026/08/25 04:42:02.744, 0 %, 0 %, 125 MiB
2026/08/25 04:42:03.747, 1 %, 0 %, 125 MiB
2026/08/25 04:42:04.751, 0 %, 0 %, 125 MiB
2026/08/25 04:42:05.758, 0 %, 0 %, 125 MiB
2026/08/25 04:42:06.764, 0 %, 0 %, 125 MiB
2026/08/25 04:42:07.769, 0 %, 0 %, 125 MiB
2026/08/25 04:42:08.772, 0 %, 0 %, 125 MiB
2026/08/25 04:42:09.774, 0 %, 0 %, 125 MiB
2026/08/25 04:42:10.777, 0 %, 0 %, 125 MiB
2026/08/25 04:42:11.779, 1 %, 0 %, 125 MiB
2026/08/25 04:42:12.782, 1 %, 0 %, 125 MiB
2026/08/25 04:42:13.785, 0 %, 0 %, 125 MiB
2026/08/25 04:42:14.789, 0 %, 0 %, 125 MiB
2026/08/25 04:42:15.793, 0 %, 0 %, 127 MiB
2026/08/25 04:42:16.796, 0 %, 0 %, 127 MiB
2026/08/25 04:42:17.799, 0 %, 0 %, 127 MiB
2026/08/25 04:42:18.805, 0 %, 0 %, 127 MiB
2026/08/25 04:42:19.812, 0 %, 0 %, 127 MiB
2026/08/25 04:42:20.815, 0 %, 0 %, 127 MiB
2026/08/25 04:42:21.818, 0 %, 0 %, 127 MiB
2026/08/25 04:42:22.821, 12 %, 0 %, 127 MiB
2026/08/25 04:42:23.824, 0 %, 0 %, 127 MiB
2026/08/25 04:42:24.828, 0 %, 0 %, 127 MiB
2026/08/25 04:42:25.832, 0 %, 0 %, 127 MiB
2026/08/25 04:42:26.834, 0 %, 0 %, 127 MiB
2026/08/25 04:42:27.837, 0 %, 0 %, 127 MiB
2026/08/25 04:42:28.840, 0 %, 0 %, 127 MiB
2026/08/25 04:42:29.845, 0 %, 0 %, 127 MiB
2026/08/25 04:42:30.854, 0 %, 0 %, 127 MiB
2026/08/25 04:42:31.862, 0 %, 0 %, 127 MiB
2026/08/25 04:42:32.865, 0 %, 0 %, 127 MiB
2026/08/25 04:42:33.867, 0 %, 0 %, 127 MiB
2026/08/25 04:42:34.870, 0 %, 0 %, 127 MiB
2026/08/25 04:42:35.872, 0 %, 0 %, 127 MiB
2026/08/25 04:42:36.875, 0 %, 0 %, 127 MiB
2026/08/25 04:42:37.877, 0 %, 0 %, 127 MiB
2026/08/25 04:42:38.880, 0 %, 0 %, 127 MiB
2026/08/25 04:42:39.883, 0 %, 0 %, 127 MiB
2026/08/25 04:42:40.886, 0 %, 0 %, 127 MiB
2026/08/25 04:42:41.890, 0 %, 0 %, 127 MiB
2026/08/25 04:42:42.895, 0 %, 0 %, 127 MiB
2026/08/25 04:42:43.899, 0 %, 0 %, 127 MiB
2026/08/25 04:42:44.911, 0 %, 0 %, 127 MiB
2026/08/25 04:42:45.918, 0 %, 0 %, 127 MiB
2026/08/25 04:42:46.921, 0 %, 0 %, 129 MiB
2026/08/25 04:42:47.923, 1 %, 0 %, 129 MiB
2026/08/25 04:42:48.926, 1 %, 0 %, 129 MiB
2026/08/25 04:42:49.929, 0 %, 0 %, 129 MiB
2026/08/25 04:42:50.932, 0 %, 0 %, 129 MiB
2026/08/25 04:42:51.934, 0 %, 0 %, 129 MiB
2026/08/25 04:42:52.937, 0 %, 0 %, 129 MiB
2026/08/25 04:42:53.941, 0 %, 0 %, 129 MiB
2026/08/25 04:42:54.945, 1 %, 0 %, 129 MiB
2026/08/25 04:42:55.950, 1 %, 0 %, 129 MiB
2026/08/25 04:42:56.954, 0 %, 0 %, 129 MiB
2026/08/25 04:42:57.960, 0 %, 0 %, 129 MiB
2026/08/25 04:42:58.963, 0 %, 0 %, 129 MiB
2026/08/25 04:42:59.965, 1 %, 0 %, 129 MiB
2026/08/25 04:43:00.968, 1 %, 0 %, 129 MiB
2026/08/25 04:43:01.971, 1 %, 0 %, 129 MiB
2026/08/25 04:43:02.974, 0 %, 0 %, 129 MiB
2026/08/25 04:43:03.977, 1 %, 0 %, 129 MiB
2026/08/25 04:43:04.981, 1 %, 0 %, 129 MiB
2026/08/25 04:43:05.983, 6 %, 0 %, 129 MiB
2026/08/25 04:43:06.986, 0 %, 0 %, 129 MiB
2026/08/25 04:43:07.990, 0 %, 0 %, 129 MiB
2026/08/25 04:43:08.997, 0 %, 0 %, 129 MiB
2026/08/25 04:43:10.002, 0 %, 0 %, 129 MiB
2026/08/25 04:43:11.007, 0 %, 0 %, 129 MiB
2026/08/25 04:43:12.011, 0 %, 0 %, 129 MiB
2026/08/25 04:43:13.013, 0 %, 0 %, 129 MiB
2026/08/25 04:43:14.016, 0 %, 0 %, 129 MiB
2026/08/25 04:43:15.020, 0 %, 0 %, 129 MiB
2026/08/25 04:43:16.022, 0 %, 0 %, 129 MiB
2026/08/25 04:43:17.025, 0 %, 0 %, 129 MiB
2026/08/25 04:43:18.027, 0 %, 0 %, 129 MiB
2026/08/25 04:43:19.030, 0 %, 0 %, 129 MiB
2026/08/25 04:43:20.033, 0 %, 0 %, 129 MiB
2026/08/25 04:43:21.039, 0 %, 0 %, 129 MiB
2026/08/25 04:43:22.044, 0 %, 0 %, 129 MiB
2026/08/25 04:43:23.047, 14 %, 0 %, 129 MiB
2026/08/25 04:43:24.050, 11 %, 0 %, 129 MiB
2026/08/25 04:43:25.052, 0 %, 0 %, 129 MiB
2026/08/25 04:43:26.055, 0 %, 0 %, 129 MiB
2026/08/25 04:43:27.057, 0 %, 0 %, 129 MiB
2026/08/25 04:43:28.060, 0 %, 0 %, 129 MiB
2026/08/25 04:43:29.062, 0 %, 0 %, 129 MiB
2026/08/25 04:43:30.067, 14 %, 0 %, 129 MiB
2026/08/25 04:43:31.069, 1 %, 0 %, 129 MiB
2026/08/25 04:43:32.073, 0 %, 0 %, 129 MiB
2026/08/25 04:43:33.078, 0 %, 0 %, 129 MiB
2026/08/25 04:43:34.087, 0 %, 0 %, 129 MiB
2026/08/25 04:43:35.092, 0 %, 0 %, 129 MiB
2026/08/25 04:43:36.095, 0 %, 0 %, 129 MiB
2026/08/25 04:43:37.097, 0 %, 0 %, 129 MiB
2026/08/25 04:43:38.100, 0 %, 0 %, 129 MiB
2026/08/25 04:43:39.102, 0 %, 0 %, 129 MiB
2026/08/25 04:43:40.105, 0 %, 0 %, 129 MiB
2026/08/25 04:43:41.108, 0 %, 0 %, 129 MiB
2026/08/25 04:43:42.111, 0 %, 0 %, 131 MiB
2026/08/25 04:43:43.114, 0 %, 0 %, 131 MiB
2026/08/25 04:43:44.117, 0 %, 0 %, 131 MiB
2026/08/25 04:43:45.121, 0 %, 0 %, 131 MiB
2026/08/25 04:43:46.131, 0 %, 0 %, 131 MiB
2026/08/25 04:43:47.139, 0 %, 0 %, 131 MiB
2026/08/25 04:43:48.142, 0 %, 0 %, 131 MiB
2026/08/25 04:43:49.144, 0 %, 0 %, 131 MiB
2026/08/25 04:43:50.147, 0 %, 0 %, 131 MiB
2026/08/25 04:43:51.150, 0 %, 0 %, 131 MiB
2026/08/25 04:43:52.154, 0 %, 0 %, 131 MiB
2026/08/25 04:43:53.158, 0 %, 0 %, 131 MiB
2026/08/25 04:43:54.161, 1 %, 0 %, 131 MiB
2026/08/25 04:43:55.163, 0 %, 0 %, 131 MiB
2026/08/25 04:43:56.166, 0 %, 0 %, 131 MiB
2026/08/25 04:43:57.169, 0 %, 0 %, 131 MiB
2026/08/25 04:43:58.174, 0 %, 0 %, 131 MiB
2026/08/25 04:43:59.182, 0 %, 0 %, 131 MiB
2026/08/25 04:44:00.185, 11 %, 0 %, 131 MiB
2026/08/25 04:44:01.187, 0 %, 0 %, 131 MiB
2026/08/25 04:44:02.190, 0 %, 0 %, 131 MiB
2026/08/25 04:44:03.192, 0 %, 0 %, 131 MiB
2026/08/25 04:44:04.195, 0 %, 0 %, 131 MiB
2026/08/25 04:44:05.199, 0 %, 0 %, 131 MiB
2026/08/25 04:44:06.201, 7 %, 0 %, 131 MiB
2026/08/25 04:44:07.204, 0 %, 0 %, 131 MiB
2026/08/25 04:44:08.206, 2 %, 0 %, 131 MiB
2026/08/25 04:44:09.209, 33 %, 0 %, 131 MiB
2026/08/25 04:44:10.215, 0 %, 0 %, 131 MiB
2026/08/25 04:44:11.221, 1 %, 0 %, 131 MiB
2026/08/25 04:44:12.228, 1 %, 0 %, 131 MiB
2026/08/25 04:44:13.231, 1 %, 0 %, 131 MiB
2026/08/25 04:44:14.233, 0 %, 0 %, 131 MiB
2026/08/25 04:44:15.235, 1 %, 0 %, 131 MiB
2026/08/25 04:44:16.238, 1 %, 0 %, 131 MiB
2026/08/25 04:44:17.241, 1 %, 0 %, 131 MiB
2026/08/25 04:44:18.245, 0 %, 0 %, 131 MiB
2026/08/25 04:44:19.251, 1 %, 0 %, 131 MiB
2026/08/25 04:44:20.257, 1 %, 0 %, 131 MiB
2026/08/25 04:44:21.264, 0 %, 0 %, 131 MiB
2026/08/25 04:44:22.270, 1 %, 0 %, 131 MiB
2026/08/25 04:44:23.278, 21 %, 0 %, 131 MiB
2026/08/25 04:44:24.281, 34 %, 0 %, 131 MiB
2026/08/25 04:44:25.284, 1 %, 0 %, 131 MiB
2026/08/25 04:44:26.287, 0 %, 0 %, 131 MiB
2026/08/25 04:44:27.290, 2 %, 0 %, 131 MiB
2026/08/25 04:44:28.293, 6 %, 0 %, 129 MiB
2026/08/25 04:44:29.296, 0 %, 0 %, 129 MiB
2026/08/25 04:44:30.299, 0 %, 0 %, 129 MiB
2026/08/25 04:44:31.303, 0 %, 0 %, 129 MiB
2026/08/25 04:44:32.306, 3 %, 0 %, 129 MiB
2026/08/25 04:44:33.309, 0 %, 0 %, 129 MiB
2026/08/25 04:44:34.313, 0 %, 0 %, 131 MiB
2026/08/25 04:44:35.317, 0 %, 0 %, 131 MiB
2026/08/25 04:44:36.328, 0 %, 0 %, 131 MiB
2026/08/25 04:44:37.330, 0 %, 0 %, 131 MiB
2026/08/25 04:44:38.333, 9 %, 0 %, 161 MiB
2026/08/25 04:44:39.335, 0 %, 0 %, 161 MiB
2026/08/25 04:44:40.338, 1 %, 0 %, 161 MiB
2026/08/25 04:44:41.342, 0 %, 0 %, 161 MiB
2026/08/25 04:44:42.344, 0 %, 0 %, 161 MiB
2026/08/25 04:44:43.347, 14 %, 0 %, 161 MiB
2026/08/25 04:44:44.349, 0 %, 0 %, 161 MiB
2026/08/25 04:44:45.352, 0 %, 0 %, 161 MiB
2026/08/25 04:44:46.355, 9 %, 2 %, 167 MiB
2026/08/25 04:44:47.364, 12 %, 1 %, 161 MiB
2026/08/25 04:44:48.369, 3 %, 0 %, 171 MiB
2026/08/25 04:44:49.373, 14 %, 2 %, 169 MiB
2026/08/25 04:44:50.376, 20 %, 1 %, 161 MiB
2026/08/25 04:44:51.379, 28 %, 1 %, 173 MiB
2026/08/25 04:44:52.384, 0 %, 0 %, 161 MiB
2026/08/25 04:44:53.388, 0 %, 0 %, 161 MiB
2026/08/25 04:44:54.391, 0 %, 0 %, 161 MiB
2026/08/25 04:44:55.394, 13 %, 0 %, 165 MiB
2026/08/25 04:44:56.397, 2 %, 0 %, 171 MiB
2026/08/25 04:44:57.399, 0 %, 0 %, 161 MiB
2026/08/25 04:44:58.402, 0 %, 0 %, 161 MiB
2026/08/25 04:44:59.406, 1 %, 0 %, 161 MiB
2026/08/25 04:45:00.411, 7 %, 0 %, 165 MiB
2026/08/25 04:45:01.419, 0 %, 0 %, 165 MiB
2026/08/25 04:45:02.421, 0 %, 0 %, 167 MiB
2026/08/25 04:45:03.424, 0 %, 0 %, 167 MiB
2026/08/25 04:45:04.426, 8 %, 0 %, 167 MiB
2026/08/25 04:45:05.429, 0 %, 0 %, 167 MiB
2026/08/25 04:45:06.432, 38 %, 0 %, 167 MiB
2026/08/25 04:45:07.434, 0 %, 0 %, 167 MiB
2026/08/25 04:45:08.437, 1 %, 0 %, 167 MiB
2026/08/25 04:45:09.440, 8 %, 0 %, 169 MiB
2026/08/25 04:45:10.443, 0 %, 0 %, 173 MiB
2026/08/25 04:45:11.446, 0 %, 0 %, 173 MiB
2026/08/25 04:45:12.455, 30 %, 2 %, 175 MiB
2026/08/25 04:45:13.462, 16 %, 1 %, 175 MiB
2026/08/25 04:45:14.465, 26 %, 0 %, 175 MiB
2026/08/25 04:45:15.467, 7 %, 0 %, 175 MiB
2026/08/25 04:45:16.470, 27 %, 2 %, 175 MiB
2026/08/25 04:45:17.472, 0 %, 0 %, 175 MiB
2026/08/25 04:45:18.475, 0 %, 0 %, 175 MiB
2026/08/25 04:45:19.477, 0 %, 0 %, 175 MiB
2026/08/25 04:45:20.480, 9 %, 0 %, 175 MiB
2026/08/25 04:45:21.482, 8 %, 1 %, 175 MiB
2026/08/25 04:45:22.485, 3 %, 0 %, 175 MiB
2026/08/25 04:45:23.489, 12 %, 0 %, 175 MiB
2026/08/25 04:45:24.495, 9 %, 0 %, 175 MiB
2026/08/25 04:45:25.503, 0 %, 0 %, 175 MiB
